unique_identifier,inner,outer
201,201_inner.jpg,201_outer.jpg
202,202_inner.jpg,202_outer.jpg
203,203_inner.jpg,203_outer.jpg
204,204_inner.jpg,204_outer.jpg
205,205_inner.jpg,205_outer.jpg
206,206_inner.jpg,206_outer.jpg
207,207_inner.jpg,207_outer.jpg
208,208_inner.jpg,208_outer.jpg
209,209_inner.jpg,209_outer.jpg
210,210_inner.jpg,210_outer.jpg
211,211_inner.jpg,211_outer.jpg
212,212_inner.jpg,212_outer.jpg
213,213_inner.jpg,213_outer.jpg
214,214_inner.jpg,214_outer.jpg
215,215_inner.jpg,215_outer.jpg
216,216_inner.jpg,216_outer.jpg
217,217_inner.jpg,217_outer.jpg
218,218_inner.jpg,218_outer.jpg
219,219_inner.jpg,219_outer.jpg
220,220_inner.jpg,220_outer.jpg
221,221_inner.jpg,221_outer.jpg
222,222_inner.jpg,222_outer.jpg
223,223_inner.jpg,223_outer.jpg
224,224_inner.jpg,224_outer.jpg
225,225_inner.jpg,225_outer.jpg
226,226_inner.jpg,226_outer.jpg
227,227_inner.jpg,227_outer.jpg
228,228_inner.jpg,228_outer.jpg
229,229_inner.jpg,229_outer.jpg
230,230_inner.jpg,230_outer.jpg
231,231_inner.jpg,231_outer.jpg
232,232_inner.jpg,232_outer.jpg
233,233_inner.jpg,233_outer.jpg
234,234_inner.jpg,234_outer.jpg
235,235_inner.jpg,235_outer.jpg
236,236_inner.jpg,236_outer.jpg
237,237_inner.jpg,237_outer.jpg
238,238_inner.jpg,238_outer.jpg
239,239_inner.jpg,239_outer.jpg
240,240_inner.jpg,240_outer.jpg
241,241_inner.jpg,241_outer.jpg
242,242_inner.jpg,242_outer.jpg
243,243_inner.jpg,243_outer.jpg
244,244_inner.jpg,244_outer.jpg
245,245_inner.jpg,245_outer.jpg
246,246_inner.jpg,246_outer.jpg
247,247_inner.jpg,247_outer.jpg
248,248_inner.jpg,248_outer.jpg
249,249_inner.jpg,249_outer.jpg
250,250_inner.jpg,250_outer.jpg
251,251_inner.jpg,251_outer.jpg
252,252_inner.jpg,252_outer.jpg
253,253_inner.jpg,253_outer.jpg
254,254_inner.jpg,254_outer.jpg
255,255_inner.jpg,255_outer.jpg
256,256_inner.jpg,256_outer.jpg
257,257_inner.jpg,257_outer.jpg
258,258_inner.jpg,258_outer.jpg
259,259_inner.jpg,259_outer.jpg
260,260_inner.jpg,260_outer.jpg
261,261_inner.jpg,261_outer.jpg
262,262_inner.jpg,262_outer.jpg
263,263_inner.jpg,263_outer.jpg
264,264_inner.jpg,264_outer.jpg
265,265_inner.jpg,265_outer.jpg
266,266_inner.jpg,266_outer.jpg
267,267_inner.jpg,267_outer.jpg
268,268_inner.jpg,268_outer.jpg
269,269_inner.jpg,269_outer.jpg
270,270_inner.jpg,270_outer.jpg
271,271_inner.jpg,271_outer.jpg
272,272_inner.jpg,272_outer.jpg
273,273_inner.jpg,273_outer.jpg
274,274_inner.jpg,274_outer.jpg
275,275_inner.jpg,275_outer.jpg
276,276_inner.jpg,276_outer.jpg
277,277_inner.jpg,277_outer.jpg
278,278_inner.jpg,278_outer.jpg
279,279_inner.jpg,279_outer.jpg
280,280_inner.jpg,280_outer.jpg
281,281_inner.jpg,281_outer.jpg
282,282_inner.jpg,282_outer.jpg
283,283_inner.jpg,283_outer.jpg
284,284_inner.jpg,284_outer.jpg
285,285_inner.jpg,285_outer.jpg
286,286_inner.jpg,286_outer.jpg
287,287_inner.jpg,287_outer.jpg
288,288_inner.jpg,288_outer.jpg
289,289_inner.jpg,289_outer.jpg
290,290_inner.jpg,290_outer.jpg
291,291_inner.jpg,291_outer.jpg
292,292_inner.jpg,292_outer.jpg
293,293_inner.jpg,293_outer.jpg
294,294_inner.jpg,294_outer.jpg
295,295_inner.jpg,295_outer.jpg
296,296_inner.jpg,296_outer.jpg
297,297_inner.jpg,297_outer.jpg
298,298_inner.jpg,298_outer.jpg
299,299_inner.jpg,299_outer.jpg
300,300_inner.jpg,300_outer.jpg
301,301_inner.jpg,301_outer.jpg
302,302_inner.jpg,302_outer.jpg
303,303_inner.jpg,303_outer.jpg
304,304_inner.jpg,304_outer.jpg
305,305_inner.jpg,305_outer.jpg
306,306_inner.jpg,306_outer.jpg
307,307_inner.jpg,307_outer.jpg
308,308_inner.jpg,308_outer.jpg
309,309_inner.jpg,309_outer.jpg
310,310_inner.jpg,310_outer.jpg
311,311_inner.jpg,311_outer.jpg
312,312_inner.jpg,312_outer.jpg
313,313_inner.jpg,313_outer.jpg
314,314_inner.jpg,314_outer.jpg
315,315_inner.jpg,315_outer.jpg
316,316_inner.jpg,316_outer.jpg
317,317_inner.jpg,317_outer.jpg
318,318_inner.jpg,318_outer.jpg
319,319_inner.jpg,319_outer.jpg
320,320_inner.jpg,320_outer.jpg
321,321_inner.jpg,321_outer.jpg
322,322_inner.jpg,322_outer.jpg
323,323_inner.jpg,323_outer.jpg
324,324_inner.jpg,324_outer.jpg
325,325_inner.jpg,325_outer.jpg
326,326_inner.jpg,326_outer.jpg
327,327_inner.jpg,327_outer.jpg
328,328_inner.jpg,328_outer.jpg
329,329_inner.jpg,329_outer.jpg
330,330_inner.jpg,330_outer.jpg
331,331_inner.jpg,331_outer.jpg
332,332_inner.jpg,332_outer.jpg
333,333_inner.jpg,333_outer.jpg
334,334_inner.jpg,334_outer.jpg
335,335_inner.jpg,335_outer.jpg
336,336_inner.jpg,336_outer.jpg
337,337_inner.jpg,337_outer.jpg
338,338_inner.jpg,338_outer.jpg
339,339_inner.jpg,339_outer.jpg
340,340_inner.jpg,340_outer.jpg
341,341_inner.jpg,341_outer.jpg
342,342_inner.jpg,342_outer.jpg
343,343_inner.jpg,343_outer.jpg
344,344_inner.jpg,344_outer.jpg
345,345_inner.jpg,345_outer.jpg
346,346_inner.jpg,346_outer.jpg
347,347_inner.jpg,347_outer.jpg
348,348_inner.jpg,348_outer.jpg
349,349_inner.jpg,349_outer.jpg
350,350_inner.jpg,350_outer.jpg
351,351_inner.jpg,351_outer.jpg
352,352_inner.jpg,352_outer.jpg
353,353_inner.jpg,353_outer.jpg
354,354_inner.jpg,354_outer.jpg
355,355_inner.jpg,355_outer.jpg
356,356_inner.jpg,356_outer.jpg
357,357_inner.jpg,357_outer.jpg
358,358_inner.jpg,358_outer.jpg
359,359_inner.jpg,359_outer.jpg
360,360_inner.jpg,360_outer.jpg
361,361_inner.jpg,361_outer.jpg
362,362_inner.jpg,362_outer.jpg
363,363_inner.jpg,363_outer.jpg
364,364_inner.jpg,364_outer.jpg
365,365_inner.jpg,365_outer.jpg
366,366_inner.jpg,366_outer.jpg
367,367_inner.jpg,367_outer.jpg
368,368_inner.jpg,368_outer.jpg
369,369_inner.jpg,369_outer.jpg
370,370_inner.jpg,370_outer.jpg
371,371_inner.jpg,371_outer.jpg
372,372_inner.jpg,372_outer.jpg
373,373_inner.jpg,373_outer.jpg
374,374_inner.jpg,374_outer.jpg
375,375_inner.jpg,375_outer.jpg
376,376_inner.jpg,376_outer.jpg
377,377_inner.jpg,377_outer.jpg
378,378_inner.jpg,378_outer.jpg
379,379_inner.jpg,379_outer.jpg
380,380_inner.jpg,380_outer.jpg
381,381_inner.jpg,381_outer.jpg
382,382_inner.jpg,382_outer.jpg
383,383_inner.jpg,383_outer.jpg
384,384_inner.jpg,384_outer.jpg
385,385_inner.jpg,385_outer.jpg
386,386_inner.jpg,386_outer.jpg
387,387_inner.jpg,387_outer.jpg
388,388_inner.jpg,388_outer.jpg
389,389_inner.jpg,389_outer.jpg
390,390_inner.jpg,390_outer.jpg
391,391_inner.jpg,391_outer.jpg
392,392_inner.jpg,392_outer.jpg
393,393_inner.jpg,393_outer.jpg
394,394_inner.jpg,394_outer.jpg
395,395_inner.jpg,395_outer.jpg
396,396_inner.jpg,396_outer.jpg
397,397_inner.jpg,397_outer.jpg
398,398_inner.jpg,398_outer.jpg
399,399_inner.jpg,399_outer.jpg
400,400_inner.jpg,400_outer.jpg
